"Module","FanIn","FanOut"
"datetime","25","0"
"pandas","21","0"
"logging","19","0"
"time","19","0"
"threading","17","0"
"numpy","16","0"
"pathlib","15","0"
"ibapi.wrapper","14","0"
"ibapi.contract","14","0"
"ibapi.client","14","0"
"json","13","0"
"sys","13","0"
"os","12","0"
"yfinance","10","0"
"typing","8","0"
"collections","8","0"
"argparse","8","0"
"ibapi.order","7","0"
"lstm_model_complete","6","11"
"subprocess","6","0"
"lstm_training_pipeline","5","13"
"sklearn.preprocessing","5","0"
"tensorflow","5","0"
"traceback","4","0"
"tensorflow.keras","4","0"
"ibapi.scanner","3","0"
"dataclasses","3","0"
"sklearn.model_selection","3","0"
"flask","3","0"
"flask_socketio","3","0"
"flask_cors","3","0"
"improved_backtest","2","4"
"broker_if","2","2"
"joblib","2","0"
".broker_if","2","0"
"pickle","2","0"
"seaborn","2","0"
"shutil","2","0"
"App","1","0"
"matplotlib","1","0"
"math","1","0"
"ReactDOM","1","0"
"pip","1","0"
"ibapi.execution","1","0"
"queue","1","0"
"mtf_features_simple","1","0"
".risk_manager","1","0"
"matplotlib.pyplot","1","0"
"IBKR_Algo_BOT.broker_if","1","0"
"abc","1","0"
"sklearn.metrics","1","0"
"sklearn","1","0"
"EASY_MTF_TRAINER_V2","1","0"
"urllib.request","1","0"
"IBKR_Algo_BOT.order_router","1","0"
"warnings","1","0"
"IBKR_Algo_BOT.risk_manager","1","0"
"sqlite3","1","0"
"react","1","0"
"ibkr_live_trading_connector","0","15"
"train_mtf_fixed","0","14"
"dashboard_api","0","14"
"backups.dashboard_api","0","14"
"warrior_momentum_scanner","0","13"
"patch_training_mtf","0","11"
"install_packages","0","11"
"ibkr_trading_backend","0","11"
"ibkr_totalview_integration","0","10"
"ibkr_data_fetcher","0","10"
"train_with_mtf","0","10"
"order_reconciliation","0","10"
"quick_fix_train","0","9"
"easy_mtf_trainer","0","9"
"quick_start_script","0","9"
"ibkr_adapter","0","9"
"validate_ibkr_connection","0","8"
"lstm_trading_integration","0","8"
"train_with_ibkr","0","8"
"install_script","0","8"
"tests_integration.totalview_live_test","0","7"
"tests_integration.totalview_test","0","7"
"database","0","7"
"lstm_neural_network","0","6"
"mtf_integration_step1","0","6"
"tests_integration.level1_test","0","6"
"tests_integration.test_ibkr","0","6"
"check_python","0","6"
"modular_dashboard_config","0","5"
"trading_strategy_selector","0","5"
"setup","0","5"
"order_router","0","5"
"tests_integration.test_lstm","0","4"
"train_real_stocks","0","4"
"train_real_stocks_old","0","4"
"check_data_settings","0","3"
"setup_dashboard","0","3"
"risk_manager","0","3"
"tests.test_order_router","0","3"
"compare_results","0","3"
"conftest","0","2"
